{"cameraMode":{"drawMode":0,"name":"Shaded","section":"Shading Mode"},"sceneLighting":false,"audioPlay":false,"sceneViewState":{"showFog":false,"showMaterialUpdate":false,"showSkybox":false,"showFlares":false,"showImageEffects":false,"showParticleSystems":false},"in2DMode":false,"pivot":{"x":-0.07185804843902588,"y":0.2789878845214844,"z":0.11650335788726807},"rotation":{"x":0.059282898902893069,"y":0.9042657613754273,"z":0.40122219920158389,"w":-0.1336192637681961},"size":9.05555534362793,"orthographic":false}