{"cameraMode":{"drawMode":0,"name":"Shaded","section":"Shading Mode"},"sceneLighting":true,"audioPlay":false,"sceneViewState":{"showFog":false,"showMaterialUpdate":false,"showSkybox":false,"showFlares":false,"showImageEffects":false,"showParticleSystems":false},"in2DMode":false,"pivot":{"x":0.4420383870601654,"y":9.891552925109864,"z":-1.7559819221496583},"rotation":{"x":-0.5709710121154785,"y":-0.24166318774223329,"z":-0.18069300055503846,"w":0.7635409832000732},"size":2.373690366744995,"orthographic":false}