{"cameraMode":{"drawMode":0,"name":"Shaded","section":"Shading Mode"},"sceneLighting":true,"audioPlay":false,"sceneViewState":{"showFog":false,"showMaterialUpdate":false,"showSkybox":false,"showFlares":false,"showImageEffects":false,"showParticleSystems":false},"in2DMode":false,"pivot":{"x":2.4281773567199709,"y":18.699779510498048,"z":-0.543015718460083},"rotation":{"x":0.006258838810026646,"y":-0.9383905529975891,"z":-0.3452848494052887,"w":-0.016772303730249406},"size":2.373690366744995,"orthographic":false}